{
  "train_loss": [
    0.6972644502917925,
    0.6926541328430176,
    0.6875777641932169,
    0.6697121858596802,
    0.6532513250907263,
    0.6376048202315966,
    0.6281612515449524,
    0.6218968791266283,
    0.6007095252474149,
    0.5965226826568445,
    0.5898657937844595,
    0.5928242839872837,
    0.5753297011057535,
    0.5745399805406729,
    0.5743400938808918,
    0.5432386385897795,
    0.5468733857075373,
    0.558400663236777,
    0.5385747514665127,
    0.5260261930525303,
    0.5366740760703882,
    0.5299215366442999,
    0.5084062876800696,
    0.5091563810904821,
    0.49831406523784,
    0.5108208172023296,
    0.49904050181309384,
    0.5265525355935097,
    0.5059775797029337,
    0.48349133133888245,
    0.4990669737259547,
    0.4814096378783385,
    0.4895191937685013
  ],
  "train_acc": [
    0.5178807947019868,
    0.519205298013245,
    0.5589403973509933,
    0.6304635761589404,
    0.6344370860927152,
    0.6609271523178808,
    0.6635761589403973,
    0.6490066225165563,
    0.6980132450331126,
    0.680794701986755,
    0.6768211920529801,
    0.7033112582781457,
    0.704635761589404,
    0.6993377483443709,
    0.7072847682119205,
    0.713907284768212,
    0.7298013245033113,
    0.7125827814569536,
    0.7271523178807947,
    0.7417218543046358,
    0.7350993377483444,
    0.7364238410596027,
    0.7483443708609272,
    0.7589403973509934,
    0.7695364238410596,
    0.7549668874172185,
    0.7576158940397351,
    0.752317880794702,
    0.7589403973509934,
    0.7655629139072848,
    0.776158940397351,
    0.7721854304635761,
    0.7841059602649006
  ],
  "val_loss": [
    0.6954345107078552,
    0.690337061882019,
    0.6774516105651855,
    0.6471679210662842,
    0.6216710209846497,
    0.6171846985816956,
    0.6038069725036621,
    0.6079819798469543,
    0.6189092397689819,
    0.669526219367981,
    0.6408270001411438,
    0.635675311088562,
    0.6445003151893616,
    0.6237616539001465,
    0.6415433287620544,
    0.6275566220283508,
    0.6683115363121033,
    0.6294503808021545,
    0.6550828814506531,
    0.6525507569313049,
    0.6558793783187866,
    0.6645604968070984,
    0.6787000894546509,
    0.6796542406082153,
    0.6713851094245911,
    0.6696328520774841,
    0.6891645193099976,
    0.6828800439834595,
    0.6859699487686157,
    0.7072551250457764,
    0.7073367238044739,
    0.6866651177406311,
    0.6908907890319824
  ],
  "val_acc": [
    0.5,
    0.5,
    0.6567164063453674,
    0.6940298676490784,
    0.7089552283287048,
    0.7014925479888916,
    0.7014925479888916,
    0.7164179086685181,
    0.641791045665741,
    0.5895522236824036,
    0.5970149040222168,
    0.6194030046463013,
    0.60447758436203,
    0.6567164063453674,
    0.611940324306488,
    0.6268656849861145,
    0.60447758436203,
    0.5970149040222168,
    0.611940324306488,
    0.6194030046463013,
    0.5970149040222168,
    0.5970149040222168,
    0.5820895433425903,
    0.5970149040222168,
    0.60447758436203,
    0.5820895433425903,
    0.5895522236824036,
    0.5895522236824036,
    0.5970149040222168,
    0.5895522236824036,
    0.5820895433425903,
    0.5970149040222168,
    0.5970149040222168
  ]
}